Ensembl	Gene	"Gene synonym"	"Gene description"	Uniprot	Chromosome	Position	"Protein class"	"Biological process"	"Molecular function"	"Disease involvement"
ENSG00000175899	A2M	"CPAMD5, FWP007, S863-7"	Alpha-2-macroglobulin	P01023	12	9067664-9116229	"Cancer-related genes, Candidate cardiovascular disease genes, Plasma proteins, Predicted secreted proteins"		"Protease inhibitor, Serine protease inhibitor"	"Cancer-related genes"
ENSG00000213088	ACKR1	"CCBP1, CD234, DARC, Dfy, FY, GPD"	"Atypical chemokine receptor 1 (Duffy blood group)"	Q16570	1	159203307-159206500	"Blood group antigen proteins, CD markers, G-protein coupled receptors, Predicted membrane proteins"		"Blood group antigen, G-protein coupled receptor, Receptor, Transducer"	
ENSG00000144476	ACKR3	"CMKOR1, CXCR7, GPR159, RDC1"	"Atypical chemokine receptor 3"	P25106	2	236567787-236582358	"Cancer-related genes, G-protein coupled receptors, Predicted membrane proteins"	"Cell adhesion, Host-virus interaction"	"Developmental protein, G-protein coupled receptor, Receptor, Transducer"	"Cancer-related genes"
ENSG00000139567	ACVRL1	"ACVRLK1, ALK1, HHT, HHT2, ORW2"	"Activin A receptor like type 1"	P37023	12	51906908-51923361	"Disease related genes, Enzymes, Potential drug targets, Predicted intracellular proteins, Predicted membrane proteins"	Angiogenesis	"Kinase, Receptor, Serine/threonine-protein kinase, Transferase"	"Disease mutation"
ENSG00000136378	ADAMTS7	"ADAM-TS7, DKFZp434H204"	"ADAM metallopeptidase with thrombospondin type 1 motif 7"	Q9UKP4	15	78759203-78811431	"Plasma proteins, Predicted secreted proteins"		"Hydrolase, Metalloprotease, Protease"	
ENSG00000163638	ADAMTS9	KIAA1312	"ADAM metallopeptidase with thrombospondin type 1 motif 9"	Q9P2N4	3	64515654-64688000	"Cancer-related genes, Plasma proteins, Predicted intracellular proteins, Predicted secreted proteins"	"ER-Golgi transport, Protein transport, Transport"	"Hydrolase, Metalloprotease, Protease"	"Cancer-related genes"
ENSG00000129467	ADCY4	AC4	"Adenylate cyclase 4"	Q8NFM4	14	24318349-24335093	"Enzymes, Plasma proteins, Predicted intracellular proteins, Predicted membrane proteins"	"cAMP biosynthesis"	Lyase	
ENSG00000069122	ADGRF5	"DKFZp564O1923, GPR116, KIAA0758"	"Adhesion G protein-coupled receptor F5"	Q8IZF2	6	46852512-46954943	"G-protein coupled receptors, Plasma proteins, Predicted membrane proteins"		"G-protein coupled receptor, Receptor, Transducer"	
ENSG00000162618	ADGRL4	"ELTD1, ETL"	"Adhesion G protein-coupled receptor L4"	Q9HBW9	1	78889764-79006718	"G-protein coupled receptors, Plasma proteins, Predicted membrane proteins, Transporters"		"G-protein coupled receptor, Receptor, Transducer"	
ENSG00000157510	AFAP1L1	FLJ36748	"Actin filament associated protein 1 like 1"	Q8TED9	5	149271871-149341802	"Predicted intracellular proteins"			
ENSG00000091879	ANGPT2	Ang2	"Angiopoietin 2"	O15123	8	6499651-6563409	"Cancer-related genes, Plasma proteins, Predicted secreted proteins, RAS pathway related proteins"	"Angiogenesis, Differentiation"	"Developmental protein"	"Cancer-related genes"
ENSG00000134817	APLNR	"AGTRL1, APJ, APJR, FLJ90771"	"Apelin receptor"	P35414	11	57233577-57237314	"G-protein coupled receptors, Predicted membrane proteins, Transporters"	"Angiogenesis, Gastrulation, Host-virus interaction"	"Developmental protein, G-protein coupled receptor, Receptor, Transducer"	
ENSG00000128284	APOL3	"APOLIII, CG12-1"	"Apolipoprotein L3"	O95236	22	36140330-36166177	"Predicted intracellular proteins"	"Lipid transport, Transport"		
ENSG00000178878	APOLD1	"DKFZP434F0318, FLJ25138"	"Apolipoprotein L domain containing 1"	Q96LR9	12	12725917-12829975	"Predicted membrane proteins"	"Angiogenesis, Differentiation"	"Developmental protein"	
ENSG00000240583	AQP1	"CHIP28, CO"	"Aquaporin 1 (Colton blood group)"	P29972	7	30911694-30925516	"Blood group antigen proteins, Predicted membrane proteins, Transporters"	Transport	"Blood group antigen"	
ENSG00000120318	ARAP3	"CENTD3, DRAG1, FLJ21065"	"ArfGAP with RhoGAP domain, ankyrin repeat and PH domain 3"	Q8WWN8	5	141653401-141682221	"Predicted intracellular proteins"		"GTPase activation"	
ENSG00000137962	ARHGAP29	PARG1	"Rho GTPase activating protein 29"	Q52LW3	1	94148988-94275068	"Predicted intracellular proteins"		"GTPase activation"	
ENSG00000031081	ARHGAP31	CDGAP	"Rho GTPase activating protein 31"	Q2M1Z3	3	119294373-119420714	"Disease related genes, Predicted intracellular proteins"		"GTPase activation"	
ENSG00000198844	ARHGEF15	"ARGEF15, FLJ13791, KIAA0915, MGC44868, Vsm-RhoGEF"	"Rho guanine nucleotide exchange factor 15"	O94989	17	8310241-8322516	"Predicted intracellular proteins"		"GTPase activation, Guanine-nucleotide releasing factor"	
ENSG00000161940	BCL6B	"BAZF, ZBTB28, ZNF62"	"B cell CLL/lymphoma 6B"	Q8N143	17	7023020-7030290	"Predicted intracellular proteins, Transcription factors"			
ENSG00000153162	BMP6	"VGR, VGR1"	"Bone morphogenetic protein 6"	P22004	6	7726797-7881422	"Predicted secreted proteins"	"Chondrogenesis, Differentiation, Osteogenesis"	"Cytokine, Developmental protein, Growth factor"	
ENSG00000102010	BMX	"ETK, PSCTK3"	"BMX non-receptor tyrosine kinase"	P51813	X	15464246-15556529	"Enzymes, Predicted intracellular proteins"	"Apoptosis, Cell adhesion, Stress response"	"Kinase, Transferase, Tyrosine-protein kinase"	
ENSG00000240654	C1QTNF9	"AQL1, C1QTNF9A, CTRP9, MGC48915"	"C1q and TNF related 9"	P0C862	13	24307166-24322535	"Predicted secreted proteins, Transporters"		Hormone	
ENSG00000205502	C2CD4B	"FAM148B, NLF2"	"C2 calcium dependent domain containing 4B"	A6NLJ0	15	62163535-62165283	"Predicted intracellular proteins"			
ENSG00000064989	CALCRL	"CGRPR, CRLR"	"Calcitonin receptor like receptor"	Q16602	2	187343129-187448460	"G-protein coupled receptors, Plasma proteins, Predicted intracellular proteins, Predicted membrane proteins, Transporters"		"G-protein coupled receptor, Receptor, Transducer"	
ENSG00000177303	CASKIN2	"ANKS5B, FLJ21609, KIAA1139"	"CASK interacting protein 2"	Q8WXE0	17	75500261-75515583	"Predicted intracellular proteins"			
ENSG00000105974	CAV1	CAV	"Caveolin 1"	Q03135	7	116524785-116561184	"Cancer-related genes, Disease related genes, Potential drug targets, Predicted membrane proteins, Transporters"	"Host-virus interaction"		"Cancer-related genes, Congenital generalized lipodystrophy, Diabetes mellitus, Disease mutation"
ENSG00000101331	CCM2L	"C20orf160, dJ310O13.5"	"CCM2 like scaffolding protein"	Q9NUG4	20	32010450-32032180	"Plasma proteins, Predicted intracellular proteins"			
ENSG00000156535	CD109	"CPAMD7, DKFZp762L1111, FLJ38569"	"CD109 molecule"	Q6YHK3	6	73695785-73828316	"CD markers, Plasma proteins, Predicted membrane proteins"		"Protease inhibitor, Serine protease inhibitor"	
ENSG00000091972	CD200	"MOX1, MOX2, MRC, OX-2"	"CD200 molecule"	P41217	3	112332347-112362812	"CD markers, Predicted intracellular proteins, Predicted membrane proteins"			
ENSG00000174059	CD34		"CD34 molecule"	P28906	1	207880972-207911402	"CD markers, Predicted membrane proteins"	"Cell adhesion"		
ENSG00000125810	CD93	"C1qR(P), C1QR1, C1qRP, CDw93, dJ737E23.1, ECSM3, MXRA4"	"CD93 molecule"	Q9NPY3	20	23079349-23086340	"CD markers, Plasma proteins, Predicted membrane proteins"	"Cell adhesion, Host-virus interaction"	Receptor	
ENSG00000140945	CDH13	CDHH	"Cadherin 13"	P55290	16	82626803-83800640	"Plasma proteins, Predicted intracellular proteins"	"Cell adhesion"		
ENSG00000139880	CDH24	CDH11L	"Cadherin 24"	Q86UP0	14	23047062-23057538	"Predicted membrane proteins"	"Cell adhesion"		
ENSG00000179776	CDH5	"7B4, CD144"	"Cadherin 5"	P33151	16	66366622-66404786	"Cancer-related genes, CD markers, Plasma proteins, Predicted intracellular proteins, Predicted membrane proteins"	"Cell adhesion"		"Cancer-related genes"
ENSG00000184113	CLDN5	"AWAL, BEC1, CPETRL1, TMVCF"	"Claudin 5"	O00501	22	19523024-19527545	"Predicted membrane proteins, Transporters"			
ENSG00000176435	CLEC14A	C14orf27	"C-type lectin domain containing 14A"	Q86T13	14	38254103-38256369	"Predicted membrane proteins"			
ENSG00000150048	CLEC1A	"CLEC1, MGC34328"	"C-type lectin domain family 1 member A"	Q8NC01	12	10069554-10111627	"Predicted intracellular proteins, Predicted membrane proteins"			
ENSG00000155962	CLIC2	XAP121	"Chloride intracellular channel 2"	O15247	X	155276211-155334657	"Disease related genes, Potential drug targets, Predicted intracellular proteins, Transporters"	"Ion transport, Transport"	"Chloride channel, Ion channel, Voltage-gated channel"	"Disease mutation, Mental retardation"
ENSG00000154529	CNTNAP3B		"Contactin associated protein like 3B"	Q96NU0	9	41890314-42129510	"Predicted intracellular proteins, Predicted membrane proteins"	"Cell adhesion"		
ENSG00000139117	CPNE8		"Copine 8"	Q86YQ8	12	38646822-38907430	"Predicted intracellular proteins"			
ENSG00000182809	CRIP2	"CRP2, ESP1"	"Cysteine rich protein 2"	P52943	14	105472962-105480170	"Predicted intracellular proteins"			
ENSG00000147408	CSGALNACT1	"ChGn, CSGalNAcT-1, FLJ11264"	"Chondroitin sulfate N-acetylgalactosaminyltransferase 1"	Q8TDX6	8	19404161-19758029	"Enzymes, Predicted intracellular proteins"		Transferase	"Disease mutation"
ENSG00000164932	CTHRC1		"Collagen triple helix repeat containing 1"	Q96CG8	8	103371515-103382997	"Disease related genes, Predicted intracellular proteins, Predicted secreted proteins"			
ENSG00000006210	CX3CL1	"ABCD-3, C3Xkine, CXC3, CXC3C, fractalkine, neurotactin, NTN, SCYD1"	"C-X3-C motif chemokine ligand 1"	P78423	16	57372458-57385048	"Plasma proteins, Predicted membrane proteins, Predicted secreted proteins"	"Cell adhesion, Chemotaxis"	Cytokine	
ENSG00000147113	CXorf36	"DIA1R, FLJ14103"	"Chromosome X open reading frame 36"	Q9H7Y0	X	45148374-45200901	"Disease related genes, Predicted secreted proteins"			"Autism, Autism spectrum disorder"
ENSG00000170891	CYTL1	"C17, C4orf4"	"Cytokine like 1"	Q9NRR1	4	5014586-5019472	"Plasma proteins, Predicted secreted proteins"			
ENSG00000166265	CYYR1	C21orf95	"Cysteine and tyrosine rich 1"	Q96J86	21	26466209-26573284	"Predicted membrane proteins"			
ENSG00000166341	DCHS1	"CDH25, CDHR6, FIB1, FLJ11790, KIAA1773, PCDH16"	"Dachsous cadherin-related 1"	Q96JQ0	11	6621323-6655854	"Disease related genes, Plasma proteins, Predicted membrane proteins"	"Cell adhesion"		"Deafness, Disease mutation, Mental retardation"
ENSG00000139549	DHH	"HHG-3, MGC35145"	"Desert hedgehog"	O43323	12	49089421-49094819	"Disease related genes, Predicted secreted proteins"		"Developmental protein, Hydrolase, Protease"	"Disease mutation"
ENSG00000128917	DLL4		"Delta like canonical Notch ligand 4"	Q9NR61	15	40929340-40939072	"Disease related genes, Predicted membrane proteins"	"Angiogenesis, Differentiation, Neurogenesis, Notch signaling pathway, Sensory transduction, Vision"	"Developmental protein"	"Disease mutation"
ENSG00000197959	DNM3	KIAA0820	"Dynamin 3"	Q9UQ16	1	171841498-172418466	"Enzymes, Plasma proteins, Predicted intracellular proteins"	Endocytosis	"Hydrolase, Motor protein"	
ENSG00000088387	DOCK9	"KIAA1058, ZIZ1"	"Dedicator of cytokinesis 9"	Q9BZ29	13	98793429-99086625	"Plasma proteins, Predicted intracellular proteins"		"Guanine-nucleotide releasing factor"	
ENSG00000135636	DYSF	"FER1L1, LGMD2B"	Dysferlin	O75923	2	71453722-71686768	"Disease related genes, Potential drug targets, Predicted membrane proteins, Transporters"			"Disease mutation, Limb-girdle muscular dystrophy"
ENSG00000108001	EBF3	"COE3, DKFZp667B0210"	"Early B cell factor 3"	Q9H4W6	10	129835283-129963841	"Disease related genes, Predicted intracellular proteins, Transcription factors"	"Transcription, Transcription regulation"	"Activator, Developmental protein, DNA-binding"	"Disease mutation, Mental retardation"
ENSG00000249751	ECSCR	"ARIA, ECSM2"	"Endothelial cell surface expressed chemotaxis and apoptosis regulator"	Q19T08	5	139448556-139462743	"Predicted membrane proteins"	"Angiogenesis, Apoptosis, Chemotaxis, Differentiation"	"Developmental protein"	
ENSG00000136160	EDNRB	"ETB, HSCR, HSCR2"	"Endothelin receptor type B"	P24530	13	77895481-77975529	"Disease related genes, FDA approved drug targets, G-protein coupled receptors, Predicted membrane proteins"		"G-protein coupled receptor, Receptor, Transducer"	"Albinism, Deafness, Disease mutation, FDA approved drug targets, Hirschsprung disease, Waardenburg syndrome"
ENSG00000114654	EFCC1	"C3orf73, CCDC48, FLJ12057"	"EF-hand and coiled-coil domain containing 1"	Q9HA90	3	129001629-129040742	"Predicted intracellular proteins"			
ENSG00000172889	EGFL7	ZNEU1	"EGF like domain multiple 7"	Q9UHF1	9	136658856-136672678	"Predicted secreted proteins"	"Angiogenesis, Cell adhesion, Differentiation"	"Developmental protein"	
ENSG00000111145	ELK3	"ERP, NET, SAP2"	"ELK3, ETS transcription factor"	P41970	12	96194382-96269835	"Cancer-related genes, Plasma proteins, Predicted intracellular proteins, Transcription factors"	"Transcription, Transcription regulation"	"Activator, DNA-binding, Repressor"	"Cancer-related genes"
ENSG00000155849	ELMO1	"CED-12, CED12, ELMO-1, KIAA0281"	"Engulfment and cell motility 1"	Q92556	7	36854361-37449249	"Predicted intracellular proteins"	"Apoptosis, Phagocytosis"		
ENSG00000164035	EMCN	MUC14	Endomucin	Q9ULC0	4	100395341-100880126	"Predicted intracellular proteins, Predicted membrane proteins"			
ENSG00000106991	ENG	"CD105, END, HHT1, ORW, ORW1"	Endoglin	P17813	9	127815012-127854756	"Cancer-related genes, Candidate cardiovascular disease genes, CD markers, Disease related genes, Plasma proteins, Predicted membrane proteins"	"Angiogenesis, Cell adhesion"		"Cancer-related genes, Disease mutation"
ENSG00000138185	ENTPD1	"ATPDase, CD39, NTPDase-1, SPG64"	"Ectonucleoside triphosphate diphosphohydrolase 1"	P49961	10	95711779-95869695	"CD markers, Disease related genes, Enzymes, Potential drug targets, Predicted membrane proteins"		Hydrolase	"Disease mutation, Hereditary spastic paraplegia, Neurodegeneration"
ENSG00000116016	EPAS1	"bHLHe73, HIF2A, HLF, MOP2, PASD2"	"Endothelial PAS domain protein 1"	Q99814	2	46293667-46386703	"Cancer-related genes, Disease related genes, Plasma proteins, Predicted intracellular proteins, Transcription factors"	"Angiogenesis, Differentiation, Transcription, Transcription regulation"	"Activator, Developmental protein, DNA-binding"	"Cancer-related genes, Congenital erythrocytosis, Disease mutation"
ENSG00000196411	EPHB4	"HTK, Tyro11"	"EPH receptor B4"	P54760	7	100802565-100827521	"Cancer-related genes, Disease related genes, Enzymes, Plasma proteins, Potential drug targets, Predicted intracellular proteins, Predicted membrane proteins"	Angiogenesis	"Developmental protein, Kinase, Receptor, Transferase, Tyrosine-protein kinase"	"Cancer-related genes, Disease mutation"
ENSG00000172031	EPHX4	"ABHD7, EPHXRP, FLJ90341"	"Epoxide hydrolase 4"	Q8IUS5	1	92029982-92063536	"Predicted intracellular proteins"		Hydrolase	
ENSG00000157554	ERG	"erg-3, p55"	"ERG, ETS transcription factor"	P11308	21	38380027-38661780	"Cancer-related genes, Disease related genes, Predicted intracellular proteins, Transcription factors"	"Transcription, Transcription regulation"	DNA-binding	"Cancer-related genes, Proto-oncogene"
ENSG00000149564	ESAM	W117m	"Endothelial cell adhesion molecule"	Q96AP7	11	124752583-124762290	"Plasma proteins, Predicted membrane proteins"	"Cell adhesion"		
ENSG00000164283	ESM1		"Endothelial cell specific molecule 1"	Q9NQ30	5	54977864-55022671	"Predicted secreted proteins"	Angiogenesis		
ENSG00000134954	ETS1	"ETS-1, EWSR2, FLJ10768"	"ETS proto-oncogene 1, transcription factor"	P14921	11	128458761-128587558	"Plasma proteins, Predicted intracellular proteins, RAS pathway related proteins, Transcription factors"	"Immunity, Transcription, Transcription regulation"	DNA-binding	Proto-oncogene
ENSG00000179044	EXOC3L1	"EXOC3L, FLJ35539, FLJ35587"	"Exocyst complex component 3 like 1"	Q86VI1	16	67184366-67190204	"Predicted intracellular proteins"	Exocytosis		
ENSG00000127533	F2RL3	PAR4	"F2R like thrombin or trypsin receptor 3"	Q96RI0	19	16888860-16892606	"G-protein coupled receptors, Plasma proteins, Predicted intracellular proteins, Predicted membrane proteins"	"Blood coagulation, Hemostasis"	"G-protein coupled receptor, Receptor, Transducer"	
ENSG00000168309	FAM107A	"DRR1, TU3A"	"Family with sequence similarity 107 member A"	O95990	3	58564117-58627610	"Predicted intracellular proteins"	"Cell cycle, Growth regulation, Stress response"	Actin-binding	
ENSG00000197245	FAM110D	"FLJ14050, GRRP1"	"Family with sequence similarity 110 member D"	Q8TAY7	1	26159020-26163962	"Predicted intracellular proteins"			
ENSG00000124019	FAM124B	FLJ22746	"Family with sequence similarity 124 member B"	Q9H5Z6	2	224378698-224402085	"Predicted intracellular proteins"			
ENSG00000164125	FAM198B	"C4orf18, DKFZp434L142, ENED, FLJ38155"	"Family with sequence similarity 198 member B"	Q6UWH4	4	158124474-158173318	"Predicted intracellular proteins, Predicted membrane proteins"			
ENSG00000185112	FAM43A	FLJ90022	"Family with sequence similarity 43 member A"	Q8N2R8	3	194686544-194689037	"Predicted intracellular proteins"			
ENSG00000165716	FAM69B	"C9orf136, MGC20262"	"Family with sequence similarity 69 member B"	Q5VUD6	9	136712570-136724050	"Predicted intracellular proteins, Predicted membrane proteins"			
ENSG00000196159	FAT4	"CDHF14, CDHR11, FAT-J"	"FAT atypical cadherin 4"	Q6V0I7	4	125316399-125492932	"Cancer-related genes, Disease related genes, Predicted membrane proteins"	"Cell adhesion"		"Cancer-related genes, Deafness, Disease mutation, Mental retardation"
ENSG00000183580	FBXL7	"FBL6, FBL7, KIAA0840"	"F-box and leucine rich repeat protein 7"	Q9UJT9	5	15500196-15939795	"Plasma proteins, Predicted intracellular proteins"	"Cell cycle, Cell division, Mitosis, Ubl conjugation pathway"		
ENSG00000154783	FGD5	"FLJ00274, FLJ39957, ZFYVE23"	"FYVE, RhoGEF and PH domain containing 5"	Q6ZNL6	3	14810853-14934565	"Predicted intracellular proteins"		"Guanine-nucleotide releasing factor"	
ENSG00000151702	FLI1	"EWSR2, SIC-1"	"Fli-1 proto-oncogene, ETS transcription factor"	Q01543	11	128686535-128813267	"Cancer-related genes, Disease related genes, Predicted intracellular proteins, Transcription factors"	"Transcription, Transcription regulation"	"Activator, DNA-binding"	"Cancer-related genes, Disease mutation, Proto-oncogene"
ENSG00000054598	FOXC1	"ARA, FKHL7, FREAC3, IGDA, IHG1, IRID1"	"Forkhead box C1"	Q12948	6	1609972-1613897	"Disease related genes, Plasma proteins, Predicted intracellular proteins, Transcription factors"	"Angiogenesis, Transcription, Transcription regulation"	"Activator, Developmental protein, DNA-binding, Repressor"	"Deafness, Disease mutation, Peters anomaly"
ENSG00000103241	FOXF1	"FKHL5, FREAC1"	"Forkhead box F1"	Q12946	16	86510527-86515418	"Disease related genes, Predicted intracellular proteins, Transcription factors"	"Transcription, Transcription regulation"	"Activator, DNA-binding"	"Disease mutation"
ENSG00000174951	FUT1	"H, HSC"	"Fucosyltransferase 1 (H blood group)"	P19526	19	48748011-48755390	"Blood group antigen proteins, Enzymes, Predicted membrane proteins"		"Blood group antigen, Glycosyltransferase, Transferase"	
ENSG00000174804	FZD4	"CD344, EVR1"	"Frizzled class receptor 4"	Q9ULV1	11	86945679-86955391	"CD markers, Disease related genes, G-protein coupled receptors, Potential drug targets, Predicted membrane proteins"	"Wnt signaling pathway"	"Developmental protein, G-protein coupled receptor, Receptor, Transducer"	"Disease mutation"
ENSG00000131386	GALNT15	"GALNT7, GALNTL2, pp-GalNAc-T15"	"Polypeptide N-acetylgalactosaminyltransferase 15"	Q8N3T1	3	16174649-16231992	"Enzymes, Predicted intracellular proteins"		"Glycosyltransferase, Transferase"	
ENSG00000110328	GALNT18	"GalNAc-T18, GALNT15, GALNTL4, MGC71806"	"Polypeptide N-acetylgalactosaminyltransferase 18"	Q6P9A2	11	11270876-11622005	"Enzymes, Predicted membrane proteins"		"Glycosyltransferase, Transferase"	
ENSG00000162654	GBP4	Mpa2	"Guanylate binding protein 4"	Q96PP9	1	89181148-89198932	"Plasma proteins, Predicted intracellular proteins"		Hydrolase	
ENSG00000213512	GBP7	"FLJ38822, GBP4L"	"Guanylate binding protein 7"	Q8N8V2	1	89131751-89176040	"Predicted intracellular proteins"		Antimicrobial	
ENSG00000213203	GIMAP1	"HIMAP1, IAN2, IMAP1, IMAP38"	"GTPase, IMAP family member 1"	Q8WWP7	7	150716557-150724284	"Predicted membrane proteins"			
ENSG00000133574	GIMAP4	"FLJ11110, HIMAP4, IAN1, IMAP4"	"GTPase, IMAP family member 4"	Q9NUV9	7	150567277-150573955	"Predicted intracellular proteins"			
ENSG00000196329	GIMAP5	"HIMAP3, IAN4L1, IAN5"	"GTPase, IMAP family member 5"	Q96F15	7	150722253-150750033	"Predicted membrane proteins"			
ENSG00000133561	GIMAP6	"FLJ22690, IAN6"	"GTPase, IMAP family member 6"	Q6P9H5	7	150625375-150632648	"Predicted intracellular proteins"			
ENSG00000179144	GIMAP7	"IAN7, MGC27027"	"GTPase, IMAP family member 7"	Q8NHV1	7	150514830-150521073	"Predicted intracellular proteins"			
ENSG00000171115	GIMAP8	"DKFZp667I133, hIAN6, IAN9"	"GTPase, IMAP family member 8"	Q8ND71	7	150450630-150479392	"Predicted intracellular proteins"			
ENSG00000127920	GNG11	GNGT11	"G protein subunit gamma 11"	P61952	7	93921699-93928610	"Predicted intracellular proteins, RAS pathway related proteins"		Transducer	
ENSG00000277494	GPIHBP1	"GPI-HBP1, LOC338328"	"Glycosylphosphatidylinositol anchored high density lipoprotein binding protein 1"	Q8IV16	8	143213193-143217170	"Disease related genes, Predicted intracellular proteins"	Transport		"Disease mutation"
ENSG00000164849	GPR146	PGR8	"G protein-coupled receptor 146"	Q96CH1	7	1044576-1059261	"G-protein coupled receptors, Predicted intracellular proteins, Predicted membrane proteins"		"G-protein coupled receptor, Receptor, Transducer"	
ENSG00000177464	GPR4		"G protein-coupled receptor 4"	P46093	19	45589764-45602208	"G-protein coupled receptors, Predicted membrane proteins"		"G-protein coupled receptor, Receptor, Transducer"	
ENSG00000154016	GRAP		"GRB2-related adaptor protein"	Q13588	17	19020673-19047637	"Plasma proteins, Predicted intracellular proteins"			"Deafness, Disease mutation, Non-syndromic deafness"
ENSG00000161835	GRASP	Tamalin	"General receptor for phosphoinositides 1 associated scaffold protein"	Q7Z6J2	12	52006940-52015889	"Predicted intracellular proteins"			
ENSG00000164683	HEY1	"bHLHb31, CHF-2, CHF2, HERP2, HESR-1, HESR1, HRT-1"	"Hes related family bHLH transcription factor with YRPW motif 1"	Q9Y5J3	8	79764010-79767863	"Cancer-related genes, Predicted intracellular proteins, Transcription factors"	"Notch signaling pathway, Transcription, Transcription regulation"	"Developmental protein, DNA-binding, Repressor"	"Cancer-related genes"
ENSG00000152804	HHEX	"HEX, HOX11L-PEN, PRHX"	"Hematopoietically expressed homeobox"	Q03014	10	92689951-92695646	"Predicted intracellular proteins, Transcription factors"	"Differentiation, Transcription, Transcription regulation, Wnt signaling pathway"	"Developmental protein, DNA-binding, Repressor"	
ENSG00000177374	HIC1	"ZBTB29, ZNF901"	"HIC ZBTB transcriptional repressor 1"	Q14526	17	2054154-2063241	"Predicted intracellular proteins, Transcription factors"	"Transcription, Transcription regulation, Wnt signaling pathway"	"Developmental protein, DNA-binding, Repressor"	"Tumor suppressor"
ENSG00000204592	HLA-E		"Major histocompatibility complex, class I, E"		6	30489467-30494205	"Predicted membrane proteins"			
ENSG00000143341	HMCN1	"ARMD1, FBLN6, FIBL-6, FIBL6"	"Hemicentin 1"	Q96RW7	1	185734551-186190949	"Disease related genes, Predicted intracellular proteins, Predicted secreted proteins"	"Cell cycle, Cell division, Sensory transduction, Vision"		"Age-related macular degeneration, Disease mutation"
ENSG00000132622	HSPA12B	"C20orf60, dJ1009E24.2"	"Heat shock protein family A (Hsp70) member 12B"	Q96MM6	20	3732667-3753111	"Plasma proteins, Predicted intracellular proteins"			
ENSG00000068001	HYAL2	"LuCa-2, LUCA2"	"Hyaluronoglucosaminidase 2"	Q12891	3	50317790-50322906	"Enzymes, Predicted intracellular proteins, Predicted membrane proteins"		"Glycosidase, Hydrolase, Receptor"	
ENSG00000108622	ICAM2	CD102	"Intercellular adhesion molecule 2"	P13598	17	64002594-64020634	"CD markers, Plasma proteins, Predicted intracellular proteins, Predicted membrane proteins"	"Cell adhesion"		
ENSG00000165949	IFI27	"FAM14D, ISG12, P27"	"Interferon alpha inducible protein 27"		14	94104836-94116698	"Predicted intracellular proteins, Predicted membrane proteins"			
ENSG00000137965	IFI44	"MTAP44, p44, TLDC5"	"Interferon induced protein 44"	Q8TCB0	1	78649796-78664078	"Predicted intracellular proteins"			
ENSG00000137959	IFI44L	"C1orf29, GS3686"	"Interferon induced protein 44 like"	Q53G44	1	78619922-78646145	"Predicted intracellular proteins"	"Antiviral defense"		
ENSG00000137033	IL33	"C9orf26, DKFZp586H0523, DVS27, IL1F11, NF-HEV"	"Interleukin 33"	O95760	9	6215786-6257983	"Predicted intracellular proteins, Predicted secreted proteins"	Transcription	Cytokine	
ENSG00000185291	IL3RA	CD123	"Interleukin 3 receptor subunit alpha"	P26951	X	1336616-1382689	"CD markers, FDA approved drug targets, Predicted intracellular proteins, Predicted membrane proteins"		Receptor	"FDA approved drug targets"
ENSG00000213949	ITGA1	"CD49a, VLA1"	"Integrin subunit alpha 1"	P56199	5	52787896-52959210	"Cancer-related genes, CD markers, Plasma proteins, Predicted membrane proteins, Transporters"	"Cell adhesion"	"Integrin, Receptor"	"Cancer-related genes"
ENSG00000143127	ITGA10		"Integrin subunit alpha 10"	O75578	1	145891208-145910189	"Plasma proteins, Predicted membrane proteins"	"Cell adhesion"	"Integrin, Receptor"	
ENSG00000078596	ITM2A	"BRICD2A, E25A"	"Integral membrane protein 2A"	O43736	X	79360384-79367667	"Predicted intracellular proteins, Predicted membrane proteins"			
ENSG00000143772	ITPKB	"IP3-3KB, IP3KB"	"Inositol-trisphosphate 3-kinase B"	P27987	1	226631690-226739323	"Cancer-related genes, Enzymes, Predicted intracellular proteins"		"Calmodulin-binding, Kinase, Transferase"	"Cancer-related genes"
ENSG00000148841	ITPRIP	"bA127L20.2, DANGER, KIAA1754"	"Inositol 1,4,5-trisphosphate receptor interacting protein"	Q8IWB1	10	104309698-104338404	"Predicted membrane proteins"			
ENSG00000184916	JAG2		"Jagged 2"	Q9Y219	14	105140981-105168824	"Predicted membrane proteins"	"Notch signaling pathway"	"Developmental protein"	
ENSG00000154721	JAM2	"C21orf43, CD322, JAM-B, JAMB, VE-JAM"	"Junctional adhesion molecule 2"	P57087	21	25639272-25717562	"CD markers, Predicted membrane proteins"			
ENSG00000186994	KANK3	"ANKRD47, FLJ46061"	"KN motif and ankyrin repeat domains 3"	Q6NY19	19	8322584-8343262	"Predicted intracellular proteins"			
ENSG00000143603	KCNN3	"hSK3, KCa2.3, SKCA3"	"Potassium calcium-activated channel subfamily N member 3"	Q9UGI6	1	154697455-154870280	"FDA approved drug targets, Predicted membrane proteins, Voltage-gated ion channels"	"Ion transport, Transport"	"Calmodulin-binding, Ion channel"	"Disease mutation, FDA approved drug targets"
ENSG00000128052	KDR	"CD309, FLK1, VEGFR, VEGFR2"	"Kinase insert domain receptor"	P35968	4	55078259-55125595	"Cancer-related genes, CD markers, Disease related genes, Enzymes, FDA approved drug targets, Plasma proteins, Predicted membrane proteins, RAS pathway related proteins"	"Angiogenesis, Differentiation, Host-virus interaction"	"Developmental protein, Kinase, Receptor, Transferase, Tyrosine-protein kinase"	"Cancer-related genes, FDA approved drug targets"
ENSG00000127528	KLF2	LKLF	"Kruppel like factor 2"	Q9Y5W3	19	16324817-16327874	"Predicted intracellular proteins, Transcription factors"	"Transcription, Transcription regulation"	"Activator, DNA-binding"	
ENSG00000102271	KLHL4	"DKELCHL, KHL4, KIAA1687"	"Kelch like family member 4"	Q9C0H6	X	87517749-87670050	"Predicted intracellular proteins"		Actin-binding	
ENSG00000204381	LAYN	"FLJ30977, FLJ31092"	Layilin	Q6UX15	11	111540280-111561745	"Predicted intracellular proteins, Predicted membrane proteins"			
ENSG00000267206	LCN6		"Lipocalin 6"	P62502	9	136744011-136748528	"Predicted intracellular proteins, Predicted secreted proteins"	Fertilization		
ENSG00000169744	LDB2	"CLIM1, LDB1"	"LIM domain binding 2"	O43679	4	16501541-16898809	"Predicted intracellular proteins"			
ENSG00000116678	LEPR	"CD295, OBR"	"Leptin receptor"	P48357	1	65420652-65641559	"Cancer-related genes, Candidate cardiovascular disease genes, CD markers, Disease related genes, FDA approved drug targets, Plasma proteins, Predicted membrane proteins, Predicted secreted proteins"		Receptor	"Cancer-related genes, FDA approved drug targets, Obesity"
ENSG00000072163	LIMS2	"PINCH-2, PINCH2"	"LIM zinc finger domain containing 2"	Q7Z4I7	2	127638381-127681786	"Disease related genes, Predicted intracellular proteins"			"Disease mutation, Limb-girdle muscular dystrophy"
ENSG00000135363	LMO2	"RBTN2, RBTNL1, RHOM2, TTG2"	"LIM domain only 2"	P25791	11	33858576-33892289	"Cancer-related genes, Disease related genes, Predicted intracellular proteins"			"Cancer-related genes, Proto-oncogene"
ENSG00000134013	LOXL2	"LOR, WS9-14"	"Lysyl oxidase like 2"	Q9Y4K0	8	23297189-23425328	"Enzymes, Predicted intracellular proteins, Predicted secreted proteins"	"Transcription, Transcription regulation"	"Chromatin regulator, Oxidoreductase, Repressor"	
ENSG00000137507	LRRC32	"D11S833E, GARP"	"Leucine rich repeat containing 32"	Q14392	11	76657524-76670747	"Predicted intracellular proteins, Predicted membrane proteins"		"Growth factor binding"	
ENSG00000186105	LRRC70	"LOC100130733, SLRN"	"Leucine rich repeat containing 70"	Q7Z2Q7	5	62578735-62581448	"Predicted intracellular proteins, Predicted membrane proteins"			
ENSG00000171488	LRRC8C	AD158	"Leucine rich repeat containing 8 VRAC subunit C"	Q8TDW0	1	89633072-89769903	"Predicted membrane proteins, Transporters"	"Ion transport, Transport"	"Ion channel"	
ENSG00000185386	MAPK11	"p38-2, p38Beta, PRKM11, SAPK2"	"Mitogen-activated protein kinase 11"	Q15759	22	50263713-50270767	"Enzymes, FDA approved drug targets, Predicted intracellular proteins"	"Stress response, Transcription, Transcription regulation"	"Kinase, Serine/threonine-protein kinase, Transferase"	"FDA approved drug targets"
ENSG00000076706	MCAM	"CD146, MUC18"	"Melanoma cell adhesion molecule"	P43121	11	119308529-119321521	"CD markers, Plasma proteins, Predicted membrane proteins"	"Cell adhesion"		
ENSG00000175471	MCTP1	FLJ22344	"Multiple C2 and transmembrane domain containing 1"	Q6DN14	5	94703741-95284575	"Predicted intracellular proteins, Predicted membrane proteins"			
ENSG00000005102	MEOX1	MOX1	"Mesenchyme homeobox 1"	P50221	17	43640388-43661954	"Disease related genes, Predicted intracellular proteins, Transcription factors"	"Transcription, Transcription regulation"	"Activator, Developmental protein, DNA-binding, Repressor"	
ENSG00000100060	MFNG		"MFNG O-fucosylpeptide 3-beta-N-acetylglucosaminyltransferase"	O00587	22	37469063-37486401	"Enzymes, Plasma proteins, Predicted intracellular proteins"		"Developmental protein, Glycosyltransferase, Transferase"	
ENSG00000186260	MKL2	"FLJ31823, MRTF-B"	"MKL1/myocardin like 2"	Q9ULH7	16	14071321-14266773	"Disease related genes, Predicted intracellular proteins"	"Differentiation, Myogenesis, Transcription, Transcription regulation"	"Activator, Developmental protein"	
ENSG00000138722	MMRN1	"ECM, EMILIN4, GPIa*, MMRN"	"Multimerin 1"	Q13201	4	89879532-89954629	"Disease related genes, Plasma proteins, Predicted intracellular proteins, Predicted secreted proteins"			
ENSG00000173269	MMRN2	"EMILIN3, EndoGlyx-1, FLJ13465"	"Multimerin 2"	Q9H8L6	10	86935540-86969481	"Plasma proteins, Predicted intracellular proteins, Predicted secreted proteins"	Angiogenesis		
ENSG00000163132	MSX1	"HOX7, HYD1, OFC5"	"Msh homeobox 1"	P28360	4	4859666-4863936	"Disease related genes, Predicted intracellular proteins, Transcription factors"	"Transcription, Transcription regulation"	"Developmental protein, DNA-binding, Repressor"	"Disease mutation, Ectodermal dysplasia"
ENSG00000129422	MTUS1	"ATBP, ATIP1, ATIP3, DKFZp586D1519, FLJ14295, ICIS, KIAA1288, MP44, MTSG1"	"Microtubule associated scaffold protein 1"	Q9ULD2	8	17643795-17800917	"Disease related genes, Predicted intracellular proteins, Predicted membrane proteins"			"Disease mutation, Tumor suppressor"
ENSG00000157601	MX1	"IFI-78K, MxA"	"MX dynamin like GTPase 1"	P20591	21	41420304-41459214	"Predicted intracellular proteins"	"Antiviral defense, Immunity, Innate immunity"		
ENSG00000120279	MYCT1	"FLJ21269, MTLC"	"MYC target 1"	Q8N699	6	152697895-152724567	"Predicted intracellular proteins, Predicted membrane proteins"			
ENSG00000132688	NES	FLJ21841	Nestin	P48681	1	156668763-156677397	"Plasma proteins, Predicted intracellular proteins"	Neurogenesis	"Developmental protein"	
ENSG00000214357	NEURL1B	"DKFZP761M1511, Neur2, RNF67B"	"Neuralized E3 ubiquitin protein ligase 1B"	A8MQ27	5	172641266-172691540	"Enzymes, Predicted intracellular proteins"	"Notch signaling pathway, Ubl conjugation pathway"	Transferase	
ENSG00000164867	NOS3	"ECNOS, eNOS"	"Nitric oxide synthase 3"	P29474	7	150990995-151014588	"Cancer-related genes, Disease related genes, Enzymes, FDA approved drug targets, Plasma proteins, Predicted intracellular proteins"		"Calmodulin-binding, Oxidoreductase"	"Cancer-related genes, FDA approved drug targets"
ENSG00000163072	NOSTRIN	MGC20702	"Nitric oxide synthase trafficking"	Q8IVI9	2	168786539-168865514	"Predicted intracellular proteins"	Endocytosis		
ENSG00000148400	NOTCH1	TAN1	"Notch 1"	P46531	9	136494433-136545786	"Cancer-related genes, Disease related genes, Plasma proteins, Potential drug targets, Predicted membrane proteins, Transporters"	"Angiogenesis, Differentiation, Notch signaling pathway, Transcription, Transcription regulation"	"Activator, Developmental protein, Receptor"	"Cancer-related genes, Disease mutation"
ENSG00000204301	NOTCH4	INT3	"Notch 4"	Q99466	6	32194843-32224067	"Predicted membrane proteins"	"Differentiation, Notch signaling pathway, Transcription, Transcription regulation"	"Activator, Developmental protein, Receptor"	
ENSG00000104967	NOVA2	"ANOVA, NOVA3"	"NOVA alternative splicing regulator 2"	Q9UNW9	19	45933734-45973546	"Predicted intracellular proteins"		RNA-binding	
ENSG00000124785	NRN1	NRN	"Neuritin 1"	Q9NPD7	6	5997999-6007605	"Predicted membrane proteins"			
ENSG00000074590	NUAK1	"ARK5, KIAA0537, NuaK1"	"NUAK family kinase 1"	O60285	12	106063340-106140033	"Enzymes, Plasma proteins, Predicted intracellular proteins"	"Cell adhesion, DNA damage"	"Kinase, Serine/threonine-protein kinase, Transferase"	
ENSG00000111335	OAS2		"2'-5'-oligoadenylate synthetase 2"	P29728	12	112978395-113011723	"Enzymes, Plasma proteins, Predicted intracellular proteins"	"Antiviral defense, Immunity, Innate immunity"	"Nucleotidyltransferase, RNA-binding, Transferase"	
ENSG00000185585	OLFML2A	FLJ00237	"Olfactomedin like 2A"	Q68BL7	9	124777158-124814885	"Predicted intracellular proteins, Predicted secreted proteins"			
ENSG00000254535	PABPC4L		"Poly(A) binding protein cytoplasmic 4 like"	P0CB38	4	134196333-134201748	"Predicted intracellular proteins"		RNA-binding	
ENSG00000107719	PALD1	"KIAA1274, PALD"	"Phosphatase domain containing, paladin 1"	Q9ULE6	10	70478821-70568449	"Predicted membrane proteins"			
ENSG00000099260	PALMD	"C1orf11, FLJ20271, PALML"	Palmdelphin	Q9NP74	1	99645943-99694541	"Predicted intracellular proteins"			
ENSG00000113555	PCDH12	VE-cadherin-2	"Protocadherin 12"	Q9NPG4	5	141943585-141969741	"Disease related genes, Plasma proteins, Predicted membrane proteins, Predicted secreted proteins"	"Cell adhesion"		"Disease mutation, Epilepsy, Mental retardation, Primary microcephaly"
ENSG00000118946	PCDH17	"PCDH68, PCH68"	"Protocadherin 17"	O14917	13	57631810-57729311	"Predicted intracellular proteins, Predicted membrane proteins"	"Cell adhesion"		
ENSG00000186642	PDE2A		"Phosphodiesterase 2A"	O00408	11	72576141-72674591	"Enzymes, FDA approved drug targets, Predicted intracellular proteins"		Hydrolase	"FDA approved drug targets"
ENSG00000171408	PDE7B		"Phosphodiesterase 7B"	Q9NP56	6	135851696-136195574	"Enzymes, FDA approved drug targets, Predicted intracellular proteins"		Hydrolase	"FDA approved drug targets"
ENSG00000100311	PDGFB	"SIS, SSV"	"Platelet derived growth factor subunit B"	P01127	22	39223359-39244751	"Cancer-related genes, Candidate cardiovascular disease genes, Disease related genes, Plasma proteins, Predicted intracellular proteins, Predicted secreted proteins, RAS pathway related proteins"		"Developmental protein, Growth factor, Mitogen"	"Cancer-related genes, Disease mutation, Proto-oncogene"
ENSG00000187800	PEAR1	"FLJ00193, JEDI, MEGF12"	"Platelet endothelial aggregation receptor 1"	Q5VY43	1	156893698-156916434	"Plasma proteins, Predicted intracellular proteins, Predicted membrane proteins"			
ENSG00000261371	PECAM1	CD31	"Platelet and endothelial cell adhesion molecule 1"		17	64319415-64413776	"Predicted intracellular proteins, Predicted membrane proteins"			
ENSG00000154330	PGM5	PGMRP	"Phosphoglucomutase 5"	Q15124	9	68328308-68531061	"Predicted intracellular proteins"	"Carbohydrate metabolism, Cell adhesion, Glucose metabolism"		
ENSG00000117461	PIK3R3	p55	"Phosphoinositide-3-kinase regulatory subunit 3"	Q92569	1	46040140-46133036	"Cancer-related genes, Predicted intracellular proteins, RAS pathway related proteins"			"Cancer-related genes"
ENSG00000160447	PKN3	"PKNbeta, UTDP4-1"	"Protein kinase N3"	Q6P5Z2	9	128702523-128720918	"Enzymes, Predicted intracellular proteins"		"Kinase, Serine/threonine-protein kinase, Transferase"	
ENSG00000182621	PLCB1	"KIAA0581, PLC-I, PLC154"	"Phospholipase C beta 1"	Q9NQ66	20	8077251-8968360	"Disease related genes, Enzymes, Plasma proteins, Potential drug targets, Predicted intracellular proteins"	"Lipid degradation, Lipid metabolism"	"Hydrolase, Transducer"	Epilepsy
ENSG00000120278	PLEKHG1	"ARHGEF41, KIAA1209"	"Pleckstrin homology and RhoGEF domain containing G1"	Q9ULL1	6	150599883-150843665	"Predicted intracellular proteins"		"Guanine-nucleotide releasing factor"	
ENSG00000114698	PLSCR4		"Phospholipid scramblase 4"	Q9NRQ2	3	146192339-146251179	"Plasma proteins, Predicted intracellular proteins, Predicted membrane proteins, Transporters"			
ENSG00000130300	PLVAP	"FELS, gp68, PV-1, PV1"	"Plasmalemma vesicle associated protein"	Q9BX97	19	17351448-17377350	"Plasma proteins, Predicted intracellular proteins, Predicted membrane proteins"			"Disease mutation"
ENSG00000128567	PODXL	"Gp200, PC, PCLP"	"Podocalyxin like"	O00592	7	131500262-131558217	"Plasma proteins, Predicted membrane proteins"	"Cell adhesion"		
ENSG00000110841	PPFIBP1	"hSGT2, hSgt2p, L2, SGT2"	"PPFIA binding protein 1"	Q86W92	12	27523431-27695564	"Cancer-related genes, Plasma proteins, Predicted intracellular proteins"			"Cancer-related genes"
ENSG00000046889	PREX2	"DEP.2, DEPDC2, FLJ12987, P-REX2, PPP1R129"	"Phosphatidylinositol-3,4,5-trisphosphate dependent Rac exchange factor 2"	Q70Z35	8	67952118-68237030	"Cancer-related genes, Plasma proteins, Predicted intracellular proteins"		"Guanine-nucleotide releasing factor"	"Cancer-related genes"
ENSG00000027075	PRKCH	"PKC-L, PKCL, PRKCL"	"Protein kinase C eta"	P24723	14	61187559-61550976	"Cancer-related genes, Disease related genes, Enzymes, Potential drug targets, Predicted intracellular proteins"	Differentiation	"Kinase, Serine/threonine-protein kinase, Transferase"	"Cancer-related genes"
ENSG00000150687	PRSS23	"SIG13, SPUVE"	"Serine protease 23"	O95084	11	86791059-86952910	"Enzymes, Plasma proteins, Predicted intracellular proteins, Predicted secreted proteins"		"Hydrolase, Protease, Serine protease"	
ENSG00000110786	PTPN5	"PTPSTEP, STEP, STEP61"	"Protein tyrosine phosphatase, non-receptor type 5"	P54829	11	18727928-18792721	"Enzymes, Plasma proteins, Predicted intracellular proteins, Predicted membrane proteins"		"Hydrolase, Protein phosphatase"	
ENSG00000127329	PTPRB	PTPB	"Protein tyrosine phosphatase, receptor type B"	P23467	12	70515866-70637440	"Cancer-related genes, Enzymes, Plasma proteins, Predicted intracellular proteins, Predicted membrane proteins"	Angiogenesis	"Hydrolase, Protein phosphatase"	"Cancer-related genes"
ENSG00000173482	PTPRM	"hR-PTPu, PTPRL1, RPTPU"	"Protein tyrosine phosphatase, receptor type M"	P28827	18	7566782-8406861	"Enzymes, Plasma proteins, Predicted intracellular proteins, Predicted membrane proteins"	"Cell adhesion"	"Hydrolase, Protein phosphatase, Receptor"	
ENSG00000130508	PXDN	"D2S448, D2S448E, KIAA0230, MG50, PRG2, PXN"	Peroxidasin	Q92626	2	1631887-1744852	"Disease related genes, Enzymes, Plasma proteins, Potential drug targets, Predicted intracellular proteins, Predicted secreted proteins"	"Hydrogen peroxide"	"Oxidoreductase, Peroxidase"	"Disease mutation"
ENSG00000131477	RAMP2		"Receptor activity modifying protein 2"	O60895	17	42758447-42763041	"FDA approved drug targets, Plasma proteins, Predicted intracellular proteins, Predicted membrane proteins"	Transport	Receptor	"FDA approved drug targets"
ENSG00000122679	RAMP3		"Receptor activity modifying protein 3"	O60896	7	45157791-45186302	"FDA approved drug targets, Predicted membrane proteins"	Transport	Receptor	"FDA approved drug targets"
ENSG00000079337	RAPGEF3	"bcm910, cAMP-GEFI, EPAC"	"Rap guanine nucleotide exchange factor 3"	O95398	12	47734367-47771040	"Predicted intracellular proteins"	Angiogenesis	"Guanine-nucleotide releasing factor"	
ENSG00000091428	RAPGEF4	"cAMP-GEFII, CGEF2"	"Rap guanine nucleotide exchange factor 4"	Q8WZA2	2	172735274-173052893	"Predicted intracellular proteins"	Exocytosis	"Guanine-nucleotide releasing factor"	
ENSG00000152689	RASGRP3	"CalDAG-GEFIII, GRP3, KIAA0846"	"RAS guanyl releasing protein 3"	Q8IV61	2	33436324-33564750	"Predicted intracellular proteins, RAS pathway related proteins"		"Guanine-nucleotide releasing factor"	
ENSG00000105538	RASIP1	"FLJ20401, RAIN"	"Ras interacting protein 1"	Q5U651	19	48720587-48740721	"Predicted intracellular proteins"	Angiogenesis		
ENSG00000198774	RASSF9	"P-CIP1, PAMCI"	"Ras association domain family member 9"	O75901	12	85800697-85836570	"Predicted intracellular proteins"			
ENSG00000162444	RBP7	CRBPIV	"Retinol binding protein 7"	Q96R05	1	9997206-10016020	"Predicted intracellular proteins"	Transport		
ENSG00000126785	RHOJ	"ARHJ, FLJ14445, RASL7B, TCL"	"Ras homolog family member J"	Q9H4E5	14	63204114-63293219	"Predicted intracellular proteins"	Angiogenesis		
ENSG00000154133	ROBO4	"ECSM4, FLJ20798, MRB"	"Roundabout guidance receptor 4"	Q8WZ75	11	124883691-124898500	"Plasma proteins, Predicted membrane proteins"	"Angiogenesis, Differentiation"	"Developmental protein, Receptor"	"Disease mutation"
ENSG00000105784	RUNDC3B	"RPIB9, RPIP9"	"RUN domain containing 3B"	Q96NL0	7	87627548-87832296	"Predicted intracellular proteins"			
ENSG00000170989	S1PR1	"CD363, D1S3362, edg-1, EDG1"	"Sphingosine-1-phosphate receptor 1"	P21453	1	101236888-101241518	"Cancer-related genes, CD markers, FDA approved drug targets, G-protein coupled receptors, Predicted membrane proteins, Transporters"	"Angiogenesis, Chemotaxis"	"G-protein coupled receptor, Receptor, Transducer"	"Cancer-related genes, FDA approved drug targets"
ENSG00000111961	SASH1	"dJ323M4.1, KIAA0790, SH3D6A"	"SAM and SH3 domain containing 1"	O94885	6	148272304-148552050	"Predicted intracellular proteins"			"Disease mutation, Hypotrichosis, Palmoplantar keratoderma, Tumor suppressor"
ENSG00000074660	SCARF1	"KIAA0149, SREC, SREC1"	"Scavenger receptor class F member 1"	Q14162	17	1633858-1645747	"Predicted intracellular proteins"	"Cell adhesion"	Receptor	
ENSG00000007908	SELE	"CD62E, ELAM, ELAM1, ESEL"	"Selectin E"	P16581	1	169722641-169764705	"Cancer-related genes, Candidate cardiovascular disease genes, CD markers, Plasma proteins, Predicted intracellular proteins, Predicted membrane proteins"	"Cell adhesion"		"Cancer-related genes"
ENSG00000174175	SELP	"CD62, CD62P, GMP140, GRMP, PADGEM, PSEL"	"Selectin P"	P16109	1	169588849-169630193	"Cancer-related genes, Candidate cardiovascular disease genes, CD markers, Disease related genes, Plasma proteins, Predicted intracellular proteins, Predicted membrane proteins"	"Cell adhesion"		"Cancer-related genes"
ENSG00000010319	SEMA3G	"FLJ00014, sem2"	"Semaphorin 3G"	Q9NS98	3	52433053-52445085	"Predicted secreted proteins"			
ENSG00000167680	SEMA6B	"SEM-SEMA-Y, SEMA-VIB, SEMAN, semaZ"	"Semaphorin 6B"	Q9H3T3	19	4542593-4559808	"Plasma proteins, Predicted membrane proteins"	"Differentiation, Neurogenesis"	"Developmental protein"	
ENSG00000095370	SH2D3C	NSP3	"SH2 domain containing 3C"	Q8N5H7	9	127738317-127778741	"Predicted intracellular proteins"			
ENSG00000169291	SHE		"Src homology 2 domain containing E"	Q5VZ18	1	154469772-154502113	"Predicted intracellular proteins, Predicted secreted proteins"			
ENSG00000158352	SHROOM4	KIAA1202	"Shroom family member 4"	Q9ULL8	X	50591647-50814302	"Disease related genes, Predicted intracellular proteins"		"Actin-binding, Developmental protein"	"Disease mutation, Mental retardation"
ENSG00000163053	SLC16A14	"FLJ30794, MCT14"	"Solute carrier family 16 member 14"	Q7RTX9	2	230034974-230068999	"Predicted intracellular proteins, Predicted membrane proteins, Transporters"	"Symport, Transport"		
ENSG00000168917	SLC35G2	"DKFZp564K2464, MGC3295, TMEM22"	"Solute carrier family 35 member G2"	Q8TBE7	3	136818647-136855892	"Predicted membrane proteins, Transporters"			
ENSG00000065054	SLC9A3R2	"E3KARP, NHERF-2, SIP-1, TKA-1"	"SLC9A3 regulator 2"	Q15599	16	2025356-2039026	"Predicted intracellular proteins, Transporters"			
ENSG00000174640	SLCO2A1	"MATR1, OATP2A1, PGT, SLC21A2"	"Solute carrier organic anion transporter family member 2A1"	Q92959	3	133932696-134052184	"Disease related genes, Potential drug targets, Predicted membrane proteins, Transporters"	Transport		"Disease mutation"
ENSG00000170365	SMAD1	"JV4-1, MADH1, MADR1"	"SMAD family member 1"	Q15797	4	145481194-145558079	"Cancer-related genes, Disease related genes, Predicted intracellular proteins, Transcription factors"	"Transcription, Transcription regulation"	DNA-binding	"Cancer-related genes"
ENSG00000184785	SMIM10	CXorf69	"Small integral membrane protein 10"	"Q96HG1, P0DMW3"	X	134990938-134992473	"Predicted membrane proteins"			
ENSG00000124216	SNAI1	"SLUGH2, SNA, SNAH, SNAIL, SNAIL1"	"Snail family transcriptional repressor 1"	O95863	20	49982999-49988886	"Predicted intracellular proteins, Transcription factors"		"Developmental protein, DNA-binding"	
ENSG00000184557	SOCS3	"CIS3, Cish3, SOCS-3, SSI-3"	"Suppressor of cytokine signaling 3"	O14543	17	78356778-78360077	"Disease related genes, Predicted intracellular proteins"	"Growth regulation, Ubl conjugation pathway"	"Signal transduction inhibitor"	
ENSG00000164736	SOX17		"SRY-box 17"	Q9H6I2	8	54457935-54460888	"Cancer-related genes, Disease related genes, Predicted intracellular proteins, Transcription factors"	"Transcription, Transcription regulation, Wnt signaling pathway"	"Activator, DNA-binding"	"Cancer-related genes, Disease mutation"
ENSG00000203883	SOX18		"SRY-box 18"	P35713	20	64047582-64049641	"Disease related genes, Predicted intracellular proteins, Transcription factors"	"Transcription, Transcription regulation"	"Activator, DNA-binding"	"Disease mutation, Hypotrichosis"
ENSG00000171056	SOX7		"SRY-box 7"	Q9BT81	8	10723768-10730512	"Predicted intracellular proteins, Transcription factors"	"Transcription, Transcription regulation"	"Activator, DNA-binding"	
ENSG00000152583	SPARCL1	MAST9	"SPARC like 1"	Q14515	4	87473335-87531061	"Cancer-related genes, Plasma proteins, Predicted intracellular proteins, Predicted secreted proteins"			"Cancer-related genes"
ENSG00000183018	SPNS2		"Sphingolipid transporter 2"	Q8IVW8	17	4498838-4539035	"Predicted membrane proteins, Transporters"	"Lipid transport, Transport"		"Deafness, Disease mutation, Non-syndromic deafness"
ENSG00000164056	SPRY1	hSPRY1	"Sprouty RTK signaling antagonist 1"	O43609	4	123396795-123403760	"Cancer-related genes, Predicted intracellular proteins, Predicted membrane proteins"		"Developmental protein"	"Cancer-related genes"
ENSG00000184005	ST6GALNAC3	SIAT7C	"ST6 N-acetylgalactosaminide alpha-2,6-sialyltransferase 3"	Q8NDV1	1	76074719-76634601	"Predicted intracellular proteins, Predicted membrane proteins"		"Glycosyltransferase, Transferase"	
ENSG00000148488	ST8SIA6	SIAT8F	"ST8 alpha-N-acetyl-neuraminide alpha-2,8-sialyltransferase 6"	P61647	10	17318383-17454330	"Predicted intracellular proteins"		"Glycosyltransferase, Transferase"	
ENSG00000130052	STARD8	"ARHGAP38, KIAA0189"	"StAR related lipid transfer domain containing 8"	Q92502	X	68647666-68725842	"Predicted intracellular proteins"		"GTPase activation"	
ENSG00000159167	STC1	STC	"Stanniocalcin 1"	P52823	8	23841915-23854807	"Predicted intracellular proteins, Predicted secreted proteins"		Hormone	
ENSG00000204176	SYT15	CHR10SYT	"Synaptotagmin 15"	Q9BQS2	10	46578217-46594173	"Predicted intracellular proteins, Predicted membrane proteins"			
ENSG00000162367	TAL1	"bHLHa17, SCL, TCL5"	"TAL bHLH transcription factor 1, erythroid differentiation factor"	P17542	1	47216290-47232220	"Cancer-related genes, Disease related genes, Predicted intracellular proteins, Transcription factors"	"Differentiation, Transcription, Transcription regulation"	"Developmental protein, DNA-binding"	"Cancer-related genes, Proto-oncogene"
ENSG00000125878	TCF15	"bHLHa40, EC2, PARAXIS"	"Transcription factor 15"	Q12870	20	603797-610398	"Predicted intracellular proteins, Transcription factors"	"Transcription, Transcription regulation"	"Developmental protein, DNA-binding"	
ENSG00000196628	TCF4	"bHLHb19, E2-2, ITF2, SEF2-1B"	"Transcription factor 4"	P15884	18	55222331-55664787	"Disease related genes, Predicted intracellular proteins, Transcription factors"	"Differentiation, Neurogenesis, Transcription, Transcription regulation"	"Activator, DNA-binding"	"Corneal dystrophy, Disease mutation, Epilepsy, Mental retardation, Primary microcephaly"
ENSG00000120156	TEK	"CD202b, TIE-2, TIE2, VMCM, VMCM1"	"TEK receptor tyrosine kinase"	Q02763	9	27109141-27230175	"Cancer-related genes, CD markers, Disease related genes, Enzymes, FDA approved drug targets, Plasma proteins, Predicted membrane proteins, Predicted secreted proteins, RAS pathway related proteins"	Angiogenesis	"Kinase, Receptor, Transferase, Tyrosine-protein kinase"	"Cancer-related genes, Disease mutation, FDA approved drug targets, Glaucoma"
ENSG00000163513	TGFBR2	"MFS2, TBR-ii, TBRII"	"Transforming growth factor beta receptor 2"	P37173	3	30606502-30694142	"Cancer-related genes, Disease related genes, Enzymes, Plasma proteins, Potential drug targets, Predicted membrane proteins"	"Apoptosis, Differentiation, Growth regulation"	"Kinase, Receptor, Serine/threonine-protein kinase, Transferase"	"Aortic aneurysm, Cancer-related genes, Craniosynostosis, Disease mutation, Hereditary nonpolyposis colorectal cancer"
ENSG00000178726	THBD	CD141	Thrombomodulin	P07204	20	23045633-23049741	"Candidate cardiovascular disease genes, CD markers, Disease related genes, Predicted membrane proteins"	"Blood coagulation, Hemostasis"	Receptor	"Disease mutation, Hemolytic uremic syndrome, Thrombophilia"
ENSG00000136114	THSD1	TMTSP	"Thrombospondin type 1 domain containing 1"	Q9NS62	13	52377167-52406494	"Predicted membrane proteins"			
ENSG00000066056	TIE1	"JTK14, TIE"	"Tyrosine kinase with immunoglobulin like and EGF like domains 1"	P35590	1	43300993-43323108	"Cancer-related genes, Enzymes, Plasma proteins, Predicted intracellular proteins, Predicted membrane proteins"	Angiogenesis	"Kinase, Receptor, Transferase, Tyrosine-protein kinase"	"Cancer-related genes"
ENSG00000038295	TLL1		"Tolloid like 1"	O43897	4	165873258-166103895	"Disease related genes, Enzymes, Plasma proteins, Potential drug targets, Predicted intracellular proteins, Predicted secreted proteins"	Differentiation	"Developmental protein, Hydrolase, Metalloprotease, Protease"	"Atrial septal defect, Disease mutation"
ENSG00000163762	TM4SF18	L6D	"Transmembrane 4 L six family member 18"	Q96CE8	3	149318498-149334414	"Predicted membrane proteins, Transporters"			
ENSG00000131634	TMEM204	"C16orf30, CLP24, FLJ20898"	"Transmembrane protein 204"	Q9BSN7	16	1528688-1555580	"Predicted membrane proteins"	"Stress response"		
ENSG00000184497	TMEM255B	"FAM70B, MGC20579"	"Transmembrane protein 255B"	Q8WV15	13	113759240-113816995	"Predicted membrane proteins, Transporters"			
ENSG00000167874	TMEM88	"FLJ20025, MGC71744"	"Transmembrane protein 88"	Q6PEY1	17	7855065-7856099	"Predicted membrane proteins"	"Wnt signaling pathway"	"Developmental protein"	
ENSG00000133687	TMTC1	"ARG99, FLJ31400, FLJ41625, OLF"	"Transmembrane and tetratricopeptide repeat containing 1"	Q8IUR5	12	29500840-29784759	"Predicted membrane proteins"		Transferase	
ENSG00000173530	TNFRSF10D	"CD264, DcR2, TRAILR4, TRUNDD"	"TNF receptor superfamily member 10d"	Q9UBN6	8	23135588-23164030	"Cancer-related genes, CD markers, Predicted membrane proteins"	Apoptosis	Receptor	"Cancer-related genes"
ENSG00000186827	TNFRSF4	"ACT35, CD134, OX40, TXGP1L"	"TNF receptor superfamily member 4"	P43489	1	1211326-1214138	"Cancer-related genes, CD markers, Disease related genes, Predicted membrane proteins"	"Host-virus interaction"	"Host cell receptor for virus entry, Receptor"	"Cancer-related genes, Disease mutation"
ENSG00000168477	TNXB	"TNXB1, TNXB2, TNXBS, XB, XBS"	"Tenascin XB"	P22105	6	32041154-32115334	"Disease related genes, Plasma proteins, Predicted intracellular proteins, Predicted secreted proteins"	"Cell adhesion"		"Disease mutation, Ehlers-Danlos syndrome"
ENSG00000115705	TPO	TPX	"Thyroid peroxidase"	P07202	2	1374223-1543711	"Disease related genes, Enzymes, FDA approved drug targets, Predicted intracellular proteins, Predicted membrane proteins"	"Hydrogen peroxide, Thyroid hormones biosynthesis"	"Oxidoreductase, Peroxidase"	"Congenital hypothyroidism, Disease mutation, FDA approved drug targets"
ENSG00000157570	TSPAN18	TSPAN	"Tetraspanin 18"	Q96SJ8	11	44726465-44932421	"Predicted membrane proteins"			
ENSG00000156298	TSPAN7	"A15, CD231, DXS1692E, MRX58, MXS1, TALLA-1, TM4SF2"	"Tetraspanin 7"	P41732	X	38561370-38688920	"CD markers, Disease related genes, Potential drug targets, Predicted membrane proteins, Transporters"	"Host-virus interaction"		"Disease mutation, Mental retardation"
ENSG00000130307	USHBP1	"AIEBP, FLJ38709, MCC2"	"USH1 protein network component harmonin binding protein 1"	Q8N6Y0	19	17249176-17282786	"Predicted intracellular proteins"			
ENSG00000168899	VAMP5		"Vesicle associated membrane protein 5"	O95183	2	85584408-85593412	"Predicted membrane proteins"	"Differentiation, Myogenesis"	"Developmental protein"	
ENSG00000150630	VEGFC	VRP	"Vascular endothelial growth factor C"	P49767	4	176683538-176792727	"Cancer-related genes, Disease related genes, Potential drug targets, Predicted secreted proteins, RAS pathway related proteins, Transporters"	"Angiogenesis, Differentiation"	"Developmental protein, Growth factor, Mitogen"	"Cancer-related genes"
ENSG00000110799	VWF	F8VWF	"Von Willebrand factor"	P04275	12	5948874-6124770	"Cancer-related genes, Candidate cardiovascular disease genes, Disease related genes, FDA approved drug targets, Plasma proteins, Predicted secreted proteins"	"Blood coagulation, Cell adhesion, Hemostasis"		"Cancer-related genes, Disease mutation, FDA approved drug targets, von Willebrand disease"
ENSG00000018408	WWTR1	"DKFZp586I1419, TAZ"	"WW domain containing transcription regulator 1"	Q9GZV5	3	149517235-149736714	"Cancer-related genes, Predicted intracellular proteins"	"Transcription, Transcription regulation"	Activator	"Cancer-related genes, Proto-oncogene"
ENSG00000148516	ZEB1	"AREB6, BZP, FECD6, NIL-2-A, PPCD3, TCF8, ZEB, Zfhep, Zfhx1a"	"Zinc finger E-box binding homeobox 1"	P37275	10	31318495-31529814	"Disease related genes, Predicted intracellular proteins, Transcription factors"	"Differentiation, Neurogenesis, Transcription, Transcription regulation"	"Activator, DNA-binding, Repressor"	"Corneal dystrophy, Disease mutation"
ENSG00000178175	ZNF366	FLJ39796	"Zinc finger protein 366"	Q8N895	5	72442652-72507727	"Predicted intracellular proteins, Transcription factors"	"Transcription, Transcription regulation"	"DNA-binding, Repressor"	
ENSG00000198795	ZNF521	"EHZF, Evi3"	"Zinc finger protein 521"	Q96K83	18	25061926-25352190	"Cancer-related genes, Disease related genes, Predicted intracellular proteins, Transcription factors"	"Differentiation, Transcription, Transcription regulation"	"Activator, Developmental protein, DNA-binding, Repressor"	"Cancer-related genes, Proto-oncogene"
ENSG00000180884	ZNF792	FLJ38451	"Zinc finger protein 792"	Q3KQV3	19	34956354-34964049	"Predicted intracellular proteins, Transcription factors"	"Transcription, Transcription regulation"	DNA-binding	
